Address,Latitude,Longitude
3132 Utah Rd Ravenswood WV 26164,38.9773757,-81.716487
24 Briarwood Dr Ravenswood WV 26164,38.9519469,-81.7455352
374 Utah Rd Ravenswood WV 26164,38.9515018,-81.7466263
106 Royal St Ravenswood WV 26164,38.9526005,-81.7655585
374 Utah Rd Ravenswood WV 26164,38.9515018,-81.7466263
500 Washington St Ravenswood WV 26164,38.9523553,-81.7645916
408 Washington St Ravenswood WV 26164,38.9520847,-81.7640469
110 Royal St Ravenswood WV 26164,38.9522856,-81.7660009
706 Orchard Dr Ravenswood WV 26164,38.9571887,-81.766691
706 Orchard Dr Ravenswood WV 26164,38.9571887,-81.766691
457 Skull Run Rd Ravenswood WV 26164,39.0132317,-81.7522778
23 Little Utah Rd Ravenswood WV 26164,38.9519314,-81.7414632
431 Harpold Ave Ravenswood WV 26164,38.9573834,-81.7606503
23 Little Utah Rd Ravenswood WV 26164,38.9519314,-81.7414632
33 Wedgewood Rd Ravenswood WV 26164,38.9536225,-81.7487782
362 Utah Rd Ravenswood WV 26164,38.9515551,-81.7468478
7 Sycamore Trailer Park Ravenswood WV 26164,38.9538349,-81.7434705
128 Washington St Ravenswood WV 26164,38.9476714,-81.7610873
130 Virginia St Ravenswood WV 26164,38.9479661,-81.7601439
130 Virginia St Ravenswood WV 26164,38.9479661,-81.7601439
1059 Dunham Ridge Rd Ravenswood WV 26164,39.023645,-81.6546884
301 Walnut St Ravenswood WV 26164,38.9486307,-81.7598782
412 Ashton Ln Ravenswood WV 26164,38.9473186,-81.757434
207 Henrietta St Ravenswood WV 26164,38.949546,-81.7577877
207 Henrietta St Ravenswood WV 26164,38.949546,-81.7577877
30 Sand St Ravenswood WV 26164,38.9472267,-81.7597613
601 Sand St Ravenswood WV 26164,38.9484083,-81.7559923
510 Long Ave Ravenswood WV 26164,38.9571173,-81.7630877
16 Briarwood Dr Ravenswood WV 26164,38.9517181,-81.7455267
208 Henry St Ravenswood WV 26164,38.949844,-81.7571196
208 Henry St Ravenswood WV 26164,38.949844,-81.7571196
107 Ann St Ravenswood WV 26164,38.9620565,-81.7690455
13 Utah Ln Ravenswood WV 26164,38.9523004,-81.7423431
107 Ann St Ravenswood WV 26164,38.9620565,-81.7690455
13 Utah Ln Ravenswood WV 26164,38.9523004,-81.7423431
107 Royal St Ravenswood WV 26164,38.9529941,-81.7659904
5 Henry St Ravenswood WV 26164,38.9496444,-81.7564428
107 Royal St Ravenswood WV 26164,38.9529941,-81.7659904
318 Utah Rd Ravenswood WV 26164,38.9516517,-81.7476703
318 Utah Rd Ravenswood WV 26164,38.9516517,-81.7476703
310 Mulberry St Ravenswood WV 26164,38.9492451,-81.7596487
208 Henrietta St Ravenswood WV 26164,38.9495714,-81.7582706
507 Harpold Ave Ravenswood WV 26164,38.9566999,-81.7631281
102 Henrietta St Ravenswood WV 26164,38.948214,-81.7577241
173 Little Utah Rd Ravenswood WV 26164,38.950403,-81.7409537
173 Little Utah Rd Ravenswood WV 26164,38.950403,-81.7409537
105 Henrietta St Ravenswood WV 26164,38.9484022,-81.7573318
105 Henrietta St Ravenswood WV 26164,38.9484022,-81.7573318
617 Orchard Dr Ravenswood WV 26164,38.9567996,-81.7656603
340 Utah Rd Ravenswood WV 26164,38.9515545,-81.7472644
340 Utah Rd Ravenswood WV 26164,38.9515545,-81.7472644
617 Orchard Dr Ravenswood WV 26164,38.9567996,-81.7656603
630 Long Ave Ravenswood WV 26164,38.9576786,-81.7609692
224 Virginia St Ravenswood WV 26164,38.9481105,-81.7602344
205 Henrietta St Ravenswood WV 26164,38.949392,-81.7577141
205 Henrietta St Ravenswood WV 26164,38.949392,-81.7577141
702 Orchard Dr Ravenswood WV 26164,38.9569368,-81.7664179
314 Sand St Ravenswood WV 26164,38.9473472,-81.7586779
314 Sand St Ravenswood WV 26164,38.9473472,-81.7586779
630 Harpold Ave Ravenswood WV 26164,38.9570341,-81.7602781
623 Flinn Ave Ravenswood WV 26164,38.9564226,-81.7609946
623 Flinn Ave Ravenswood WV 26164,38.9564226,-81.7609946
106 Henry St Ravenswood WV 26164,38.9486967,-81.7565848
106 Henry St Ravenswood WV 26164,38.9486967,-81.7565848
231 Washington St Ravenswood WV 26164,38.9486568,-81.7612788
231 Washington St Ravenswood WV 26164,38.9486568,-81.7612788
429 Harpold Ave Ravenswood WV 26164,38.9573147,-81.7608329
429 Harpold Ave Ravenswood WV 26164,38.9573147,-81.7608329
316 Sand St Ravenswood WV 26164,38.9472919,-81.7586631
625 Flinn Ave Ravenswood WV 26164,38.9564726,-81.7607727
613 Orchard Dr Ravenswood WV 26164,38.9565342,-81.7654034
613 Orchard Dr Ravenswood WV 26164,38.9565342,-81.7654034
219 Washington St Ravenswood WV 26164,38.9485057,-81.7612152
402 Sand St Ravenswood WV 26164,38.9476329,-81.758107
224 Washington St Ravenswood WV 26164,38.9484549,-81.7615134
628 Long Ave Ravenswood WV 26164,38.9575444,-81.7611922
619 Orchard Dr Ravenswood WV 26164,38.9569112,-81.7657653
222 Walnut St Ravenswood WV 26164,38.9481384,-81.7604277
307 Walnut St Ravenswood WV 26164,38.948634,-81.7595476
619 Orchard Dr Ravenswood WV 26164,38.9569112,-81.7657653
412 Harpold Ave Ravenswood WV 26164,38.9565321,-81.7621723
509 Flinn Ave Ravenswood WV 26164,38.9561256,-81.762018
509 Flinn Ave Ravenswood WV 26164,38.9561256,-81.762018
423 Harpold Ave Ravenswood WV 26164,38.9571248,-81.7614568
423 Harpold Ave Ravenswood WV 26164,38.9571248,-81.7614568
2867 Meathouse Fork Rd Ravenswood WV 26164,39.0127711,-81.6739271
711 Orchard Dr Ravenswood WV 26164,38.9578128,-81.7666958
200 Washington St Ravenswood WV 26164,38.948106,-81.7613053
235 Washington St Ravenswood WV 26164,38.9487405,-81.761347
103 Washington St Ravenswood WV 26164,38.9474014,-81.7605927
614 Orchard Dr Ravenswood WV 26164,38.9560166,-81.7655092
614 Orchard Dr Ravenswood WV 26164,38.9560166,-81.7655092
105 Royal St Ravenswood WV 26164,38.952821,-81.76611
210 Walnut St Ravenswood WV 26164,38.9483881,-81.7605404
505 Mulberry St Ravenswood WV 26164,38.9500442,-81.7577102
255 Washington St Ravenswood WV 26164,38.9493339,-81.761445
210 Walnut St Ravenswood WV 26164,38.9483881,-81.7605404
703 Orchard Dr Ravenswood WV 26164,38.9573046,-81.7661492
703 Orchard Dr Ravenswood WV 26164,38.9573046,-81.7661492
30 Arrow Point Rd Ravenswood WV 26164,38.9520744,-81.7442051
1169 Murraysville Rd Ravenswood WV 26164,39.0593757,-81.8032851
512 Sand St Ravenswood WV 26164,38.9479436,-81.756374
344 Utah Rd Ravenswood WV 26164,38.9515534,-81.7470094
709 Orchard Dr Ravenswood WV 26164,38.9576955,-81.7665408
512 Washington St Ravenswood WV 26164,38.953219,-81.7654192
200 Sand St Ravenswood WV 26164,38.9471397,-81.7603966
112 Henry St Ravenswood WV 26164,38.949038,-81.7566811
622 Long Ave Ravenswood WV 26164,38.9574216,-81.7618047
619 Flinn Ave Ravenswood WV 26164,38.9562943,-81.761399
308 Sand St Ravenswood WV 26164,38.9472993,-81.7588714
308 Sand St Ravenswood WV 26164,38.9472993,-81.7588714
707 Orchard Dr Ravenswood WV 26164,38.9575647,-81.766384
621 Orchard Dr Ravenswood WV 26164,38.9570434,-81.7658974
408 Sand St Ravenswood WV 26164,38.9475893,-81.7575904
432 Utah Rd Ravenswood WV 26164,38.9514284,-81.7456005
621 Orchard Dr Ravenswood WV 26164,38.9570434,-81.7658974
608 Orchard Dr Ravenswood WV 26164,38.9556368,-81.7651279
209 Virginia St Ravenswood WV 26164,38.9490603,-81.7601156
400 Sand St Ravenswood WV 26164,38.9474512,-81.7584451
400 Sand St Ravenswood WV 26164,38.9474512,-81.7584451
506 Sand St Ravenswood WV 26164,38.9478951,-81.7568067
852 Utah Rd Ravenswood WV 26164,38.9528911,-81.7378531
852 Utah Rd Ravenswood WV 26164,38.9528911,-81.7378531
302 Sycamore St Ravenswood WV 26164,38.9497389,-81.760335
516 Long Ave Ravenswood WV 26164,38.9572431,-81.7624482
516 Long Ave Ravenswood WV 26164,38.9572431,-81.7624482
57 Little Utah Rd Ravenswood WV 26164,38.9514896,-81.7411302
57 Little Utah Rd Ravenswood WV 26164,38.9514896,-81.7411302
7 Sycamore Trailer Park Ravenswood WV 26164,38.9538349,-81.7434705
128 Washington St Ravenswood WV 26164,38.9476714,-81.7610873
230 Virginia St Ravenswood WV 26164,38.9489021,-81.7606444
1059 Dunham Ridge Rd Ravenswood WV 26164,39.023645,-81.6546884
230 Virginia St Ravenswood WV 26164,38.9489021,-81.7606444
717 Orchard Dr Ravenswood WV 26164,38.9582566,-81.7670909
717 Orchard Dr Ravenswood WV 26164,38.9582566,-81.7670909
118 Virginia St Ravenswood WV 26164,38.9477793,-81.760087
118 Virginia St Ravenswood WV 26164,38.9477793,-81.760087
415 Sand St Ravenswood WV 26164,38.9480844,-81.7575543
415 Sand St Ravenswood WV 26164,38.9480844,-81.7575543
220 Walnut St Ravenswood WV 26164,38.9481283,-81.7604684
422 Harpold Ave Ravenswood WV 26164,38.9567772,-81.7611088
79 Arrow Point Rd Ravenswood WV 26164,38.9526602,-81.7447297
604 Orchard Dr Ravenswood WV 26164,38.9553608,-81.7648686
302 Henry St Ravenswood WV 26164,38.9515906,-81.7578878
502 Sand St Ravenswood WV 26164,38.9478346,-81.7570972
502 Sand St Ravenswood WV 26164,38.9478346,-81.7570972
603 Orchard Dr Ravenswood WV 26164,38.9558596,-81.7647398
200 Henrietta St Ravenswood WV 26164,38.9490063,-81.757982
104 Henrietta St Ravenswood WV 26164,38.9482923,-81.7577733
220 Walnut St Ravenswood WV 26164,38.9481283,-81.7604684
504 Mulberry St Ravenswood WV 26164,38.9497686,-81.7575294
410 Ashton Ln Ravenswood WV 26164,38.9472883,-81.7575901
104 Henrietta St Ravenswood WV 26164,38.9482923,-81.7577733
104 Ann St Ravenswood WV 26164,38.9619287,-81.7694174
127 Race St Ravenswood WV 26164,38.947663,-81.7615523
104 Ann St Ravenswood WV 26164,38.9619287,-81.7694174
716 Orchard Dr Ravenswood WV 26164,38.9578556,-81.7673169
410 Ashton Ln Ravenswood WV 26164,38.9472883,-81.7575901
237 Washington St Ravenswood WV 26164,38.9488034,-81.7613746
516 Washington St Ravenswood WV 26164,38.9536293,-81.7659278
235 Utah Rd Ravenswood WV 26164,38.9523783,-81.7485525
618 Orchard Dr Ravenswood WV 26164,38.956285,-81.7657662
406 Harpold Ave Ravenswood WV 26164,38.956342,-81.7627811
406 Harpold Ave Ravenswood WV 26164,38.956342,-81.7627811
214 Sycamore St Ravenswood WV 26164,38.9495222,-81.7613503
714 Orchard Dr Ravenswood WV 26164,38.957713,-81.7672218
507 Sand St Ravenswood WV 26164,38.9481588,-81.7568715
168 Little Utah Rd Ravenswood WV 26164,38.9498687,-81.7413139
615 Orchard Dr Ravenswood WV 26164,38.9566675,-81.7655233
615 Orchard Dr Ravenswood WV 26164,38.9566675,-81.7655233
624 Orchard Dr Ravenswood WV 26164,38.9566706,-81.7661626
624 Orchard Dr Ravenswood WV 26164,38.9566706,-81.7661626
318 Mulberry St Ravenswood WV 26164,38.9495943,-81.7594974
194 Utah Rd Ravenswood WV 26164,38.9522855,-81.7494844
194 Utah Rd Ravenswood WV 26164,38.9522855,-81.7494844
318 Mulberry St Ravenswood WV 26164,38.9495943,-81.7594974
406 Ashton Ln Ravenswood WV 26164,38.9472551,-81.7578394
629 Flinn Ave Ravenswood WV 26164,38.9566027,-81.7603806
629 Flinn Ave Ravenswood WV 26164,38.9566027,-81.7603806
330 Washington St Ravenswood WV 26164,38.9505732,-81.76312
330 Washington St Ravenswood WV 26164,38.9505732,-81.76312
387 Utah Rd Ravenswood WV 26164,38.951857,-81.7463381
387 Utah Rd Ravenswood WV 26164,38.951857,-81.7463381
101 Ann St Ravenswood WV 26164,38.9616628,-81.7688736
101 Ann St Ravenswood WV 26164,38.9616628,-81.7688736
712 Orchard Dr Ravenswood WV 26164,38.9575901,-81.7670748
60 Briarwood Dr Ravenswood WV 26164,38.9524363,-81.7453617
626 Orchard Dr Ravenswood WV 26164,38.9568073,-81.7662974
626 Orchard Dr Ravenswood WV 26164,38.9568073,-81.7662974
514 Harpold Ave Ravenswood WV 26164,38.956587,-81.7619597
150 Black Berry Ln Ravenswood WV 26164,39.0353239,-81.7671574
202 Henry St Ravenswood WV 26164,38.9494858,-81.7570009
514 Harpold Ave Ravenswood WV 26164,38.956587,-81.7619597
101 Virginia St Ravenswood WV 26164,38.9476345,-81.759506
214 Washington St Ravenswood WV 26164,38.9483187,-81.7614345
101 Virginia St Ravenswood WV 26164,38.9476345,-81.759506
214 Washington St Ravenswood WV 26164,38.9483187,-81.7614345
828 Meathouse Fork Rd Ravenswood WV 26164,38.9943055,-81.7020928
38 Sand St Ravenswood WV 26164,38.9467524,-81.761248
38 Sand St Ravenswood WV 26164,38.9467524,-81.761248
204 Race St Ravenswood WV 26164,38.947898,-81.7623303
410 Race St Ravenswood WV 26164,38.9507419,-81.7651812
410 Race St Ravenswood WV 26164,38.9507419,-81.7651812
226 Race St Ravenswood WV 26164,38.9486619,-81.7628494
226 Race St Ravenswood WV 26164,38.9486619,-81.7628494
204 Washington St Ravenswood WV 26164,38.9481772,-81.7613488
105 Virginia St Ravenswood WV 26164,38.9615329,-81.7700781
105 Virginia St Ravenswood WV 26164,38.9615329,-81.7700781
229 Water St Ravenswood WV 26164,38.9478335,-81.7641824
14 Utah Ln Ravenswood WV 26164,38.9523794,-81.741923
416 Ashton Ln Ravenswood WV 26164,38.9473927,-81.7569257
216 Sand St Ravenswood WV 26164,38.9471782,-81.760187
416 Ashton Ln Ravenswood WV 26164,38.9473927,-81.7569257
216 Sand St Ravenswood WV 26164,38.9471782,-81.760187
212 Walnut St Ravenswood WV 26164,38.9480025,-81.7606214
212 Walnut St Ravenswood WV 26164,38.9480025,-81.7606214
414 Ashton Ln Ravenswood WV 26164,38.9473429,-81.7571257
9148 Ravenswood Rd Ravenswood WV 26164,39.0635575,-81.7842557
229 Washington St Ravenswood WV 26164,38.948617,-81.7612541
229 Washington St Ravenswood WV 26164,38.948617,-81.7612541
2484 Milhoan Ridge Rd Ravenswood WV 26164,39.0747746,-81.7489486
107 Henrietta St Ravenswood WV 26164,38.9622188,-81.7677918
426 Harpold Ave Ravenswood WV 26164,38.9569057,-81.7606849
407 Race St Ravenswood WV 26164,38.9510407,-81.7646459
313 Walnut St Ravenswood WV 26164,38.9487258,-81.7591989
102 Henry St Ravenswood WV 26164,38.9484586,-81.7564952
705 Orchard Dr Ravenswood WV 26164,38.957428,-81.766269
214 Ann St Ravenswood WV 26164,38.9497543,-81.7595933
610 Orchard Dr Ravenswood WV 26164,38.955752,-81.76525
306 Sand St Ravenswood WV 26164,38.9473508,-81.7590605
306 Sand St Ravenswood WV 26164,38.9473508,-81.7590605
312 Mulberry St Ravenswood WV 26164,38.9492593,-81.7595617
312 Mulberry St Ravenswood WV 26164,38.9492593,-81.7595617
310 Sand St Ravenswood WV 26164,38.9474376,-81.7587105
310 Sand St Ravenswood WV 26164,38.9474376,-81.7587105
207 Ann St Ravenswood WV 26164,38.9492583,-81.7589507
207 Ann St Ravenswood WV 26164,38.9492583,-81.7589507
501 Sand St Ravenswood WV 26164,38.948183,-81.7572499
600 Kaiser Ave Ravenswood WV 26164,38.9567883,-81.7599921
600 Kaiser Ave Ravenswood WV 26164,38.9567883,-81.7599921
509 Washington St Ravenswood WV 26164,38.9532606,-81.764271
509 Washington St Ravenswood WV 26164,38.9532606,-81.764271
718 Orchard Dr Ravenswood WV 26164,38.9579745,-81.7674543
427 Harpold Ave Ravenswood WV 26164,38.9572437,-81.7610425
427 Harpold Ave Ravenswood WV 26164,38.9572437,-81.7610425
9148 Ravenswood Rd Ravenswood WV 26164,39.0635575,-81.7842557
2484 Milhoan Ridge Rd Ravenswood WV 26164,39.0747746,-81.7489486
206 Henry St Ravenswood WV 26164,38.9497123,-81.7570881
206 Henry St Ravenswood WV 26164,38.9497123,-81.7570881
6 Henry St Ravenswood WV 26164,38.9593364,-81.765405
6 Henry St Ravenswood WV 26164,38.9593364,-81.765405
59 Arrow Point Rd Ravenswood WV 26164,38.952395,-81.744673
59 Arrow Point Rd Ravenswood WV 26164,38.952395,-81.744673
117 Mulberry St Ravenswood WV 26164,38.9488716,-81.7622015
117 Mulberry St Ravenswood WV 26164,38.9488716,-81.7622015
320 Sand St Ravenswood WV 26164,38.9471746,-81.7586234
320 Sand St Ravenswood WV 26164,38.9471746,-81.7586234
228 Washington St Ravenswood WV 26164,38.9484999,-81.7616147
206 Washington St Ravenswood WV 26164,38.9482165,-81.7613694
600 Ashton St Ravenswood WV 26164,38.9472717,-81.7564677
225 Race St Ravenswood WV 26164,38.9483682,-81.7621199
225 Race St Ravenswood WV 26164,38.9483682,-81.7621199
701 Orchard Dr Ravenswood WV 26164,38.9571698,-81.7660318
701 Orchard Dr Ravenswood WV 26164,38.9571698,-81.7660318
304 Walnut St Ravenswood WV 26164,38.9482837,-81.7596369
304 Walnut St Ravenswood WV 26164,38.9482837,-81.7596369
1 Hillcrest Dr Ravenswood WV 26164,38.9581512,-81.754893
424 Harpold Ave Ravenswood WV 26164,38.9568174,-81.7609062
100 Washington St Ravenswood WV 26164,38.9610068,-81.7716748
100 Washington St Ravenswood WV 26164,38.9610068,-81.7716748
2 Sycamore Trailer Park Ravenswood WV 26164,38.9529203,-81.7432754
2 Sycamore Trailer Park Ravenswood WV 26164,38.9529203,-81.7432754
742 Utah Rd Ravenswood WV 26164,38.9523794,-81.7400111
3132 Utah Rd Ravenswood WV 26164,38.9773757,-81.716487
24 Briarwood Dr Ravenswood WV 26164,38.9519469,-81.7455352
420 Harpold Ave Ravenswood WV 26164,38.9567139,-81.7613106
500 Washington St Ravenswood WV 26164,38.9523553,-81.7645916
408 Washington St Ravenswood WV 26164,38.9520847,-81.7640469
632 Long Ave Ravenswood WV 26164,38.9577475,-81.7607575
11 Deerborn Dr Ravenswood WV 26164,38.9523804,-81.744227
11 Deerborn Dr Ravenswood WV 26164,38.9523804,-81.744227
457 Skull Run Rd Ravenswood WV 26164,39.0132317,-81.7522778
208 Race St Ravenswood WV 26164,38.948105,-81.762439
456 Utah Rd Ravenswood WV 26164,38.9514103,-81.7451251
456 Utah Rd Ravenswood WV 26164,38.9514103,-81.7451251
47 Briarwood Dr Ravenswood WV 26164,38.9524128,-81.7461159
612 Orchard Dr Ravenswood WV 26164,38.9558766,-81.7653793
612 Orchard Dr Ravenswood WV 26164,38.9558766,-81.7653793
419 Harpold Ave Ravenswood WV 26164,38.9570252,-81.7618543
329 Virginia St Ravenswood WV 26164,38.9508287,-81.760697
329 Virginia St Ravenswood WV 26164,38.9508287,-81.760697
502 Sycamore St Ravenswood WV 26164,38.9502508,-81.757856
502 Sycamore St Ravenswood WV 26164,38.9502508,-81.757856
627 Flinn Ave Ravenswood WV 26164,38.9565279,-81.7606022
1 Walnut St Ravenswood WV 26164,38.9486307,-81.7598782
1 Walnut St Ravenswood WV 26164,38.9486307,-81.7598782
409 Sand St Ravenswood WV 26164,38.9480201,-81.7578277
409 Sand St Ravenswood WV 26164,38.9480201,-81.7578277
506 Walnut St Ravenswood WV 26164,38.9489664,-81.7569518
406 Utah Rd Ravenswood WV 26164,38.951462,-81.7460448
221 Mulberry St Ravenswood WV 26164,38.9492082,-81.7610242
221 Mulberry St Ravenswood WV 26164,38.9492082,-81.7610242
418 Harpold Ave Ravenswood WV 26164,38.9566659,-81.7615276
418 Harpold Ave Ravenswood WV 26164,38.9566659,-81.7615276
509 Harpold Ave Ravenswood WV 26164,38.9567611,-81.7629018
509 Harpold Ave Ravenswood WV 26164,38.9567611,-81.7629018
205 Washington St Ravenswood WV 26164,38.9476649,-81.7607861
205 Washington St Ravenswood WV 26164,38.9476649,-81.7607861
134 Washington St Ravenswood WV 26164,38.9478695,-81.7612368
134 Washington St Ravenswood WV 26164,38.9478695,-81.7612368
116 Sand St Ravenswood WV 26164,38.9470736,-81.7608376
116 Sand St Ravenswood WV 26164,38.9470736,-81.7608376
107 Virginia St Ravenswood WV 26164,38.9616255,-81.7701131
107 Virginia St Ravenswood WV 26164,38.9616255,-81.7701131
519 Sand St Ravenswood WV 26164,38.9482948,-81.7564263
519 Sand St Ravenswood WV 26164,38.9482948,-81.7564263
513 Flinn Ave Ravenswood WV 26164,38.9561869,-81.7618109
513 Flinn Ave Ravenswood WV 26164,38.9561869,-81.7618109
215 Ann St Ravenswood WV 26164,38.9498795,-81.7589418
215 Ann St Ravenswood WV 26164,38.9498795,-81.7589418
401 Utah Rd Ravenswood WV 26164,38.951789,-81.7460624
514 Washington St Ravenswood WV 26164,38.9536058,-81.7656631
682 Utah Rd Ravenswood WV 26164,38.9521999,-81.7410742
682 Utah Rd Ravenswood WV 26164,38.9521999,-81.7410742
514 Washington St Ravenswood WV 26164,38.9536058,-81.7656631
218 Walnut St Ravenswood WV 26164,38.9481206,-81.7605124
401 Hillcrest Dr Ravenswood WV 26164,38.9543015,-81.7526151
212 Broadway St Ravenswood WV 26164,38.9477929,-81.7631411
212 Broadway St Ravenswood WV 26164,38.9477929,-81.7631411
8 Sycamore Trailer Park Ravenswood WV 26164,38.9525506,-81.7427575
8 Sycamore Trailer Park Ravenswood WV 26164,38.9525506,-81.7427575
123 Race St Ravenswood WV 26164,38.947593,-81.7614852
318 Sand St Ravenswood WV 26164,38.9472404,-81.7586452
318 Sand St Ravenswood WV 26164,38.9472404,-81.7586452
119 Race St Ravenswood WV 26164,38.9618747,-81.7725865
119 Race St Ravenswood WV 26164,38.9618747,-81.7725865
130 Washington St Ravenswood WV 26164,38.9477812,-81.7611898
130 Washington St Ravenswood WV 26164,38.9477812,-81.7611898
209 Henrietta St Ravenswood WV 26164,38.9496643,-81.7578093
209 Henrietta St Ravenswood WV 26164,38.9496643,-81.7578093
406 Sand St Ravenswood WV 26164,38.9474646,-81.7576616
406 Sand St Ravenswood WV 26164,38.9474646,-81.7576616
602 Orchard Dr Ravenswood WV 26164,38.9552475,-81.7647515
602 Orchard Dr Ravenswood WV 26164,38.9552475,-81.7647515
21 Wedgewood Rd Ravenswood WV 26164,38.9528862,-81.7493372
225 Washington St Ravenswood WV 26164,38.9485561,-81.7612346
225 Washington St Ravenswood WV 26164,38.9485561,-81.7612346
220 Race St Ravenswood WV 26164,38.9483907,-81.762676
220 Race St Ravenswood WV 26164,38.9483907,-81.762676
410 Sand St Ravenswood WV 26164,38.9477226,-81.7576194
410 Sand St Ravenswood WV 26164,38.9477226,-81.7576194
304 Sand St Ravenswood WV 26164,38.9472892,-81.7592726
304 Sand St Ravenswood WV 26164,38.9472892,-81.7592726
312 Sand St Ravenswood WV 26164,38.9473966,-81.7586925
609 Orchard Dr Ravenswood WV 26164,38.9562525,-81.7651337
609 Orchard Dr Ravenswood WV 26164,38.9562525,-81.7651337
301 Mulberry St Ravenswood WV 26164,38.9494553,-81.7603939
301 Mulberry St Ravenswood WV 26164,38.9494553,-81.7603939
106 Ann St Ravenswood WV 26164,38.9620596,-81.7695285
704 Orchard Dr Ravenswood WV 26164,38.9570693,-81.7665567
704 Orchard Dr Ravenswood WV 26164,38.9570693,-81.7665567
696 Utah Rd Ravenswood WV 26164,38.9522448,-81.7408078
696 Utah Rd Ravenswood WV 26164,38.9522448,-81.7408078
217 Ann St Ravenswood WV 26164,38.950037,-81.7592575
217 Ann St Ravenswood WV 26164,38.950037,-81.7592575
208 Walnut St Ravenswood WV 26164,38.9479845,-81.7607566
25 Stable Ln Ravenswood WV 26164,38.9519327,-81.7450092
108 Henry St Ravenswood WV 26164,38.9625145,-81.7671602
512 Long Ave Ravenswood WV 26164,38.9571621,-81.7628584
512 Long Ave Ravenswood WV 26164,38.9571621,-81.7628584
1512 Road Fork Run Rd Ravenswood WV 26164,39.005468,-81.7358776
504 Sand St Ravenswood WV 26164,38.9478725,-81.7569459
504 Sand St Ravenswood WV 26164,38.9478725,-81.7569459
222 Washington St Ravenswood WV 26164,38.9484025,-81.7614859
222 Washington St Ravenswood WV 26164,38.9484025,-81.7614859
222 Mulberry St Ravenswood WV 26164,38.9489307,-81.7608505
2181 Meathouse Fork Rd Ravenswood WV 26164,39.0120726,-81.6872698
428 Harpold Ave Ravenswood WV 26164,38.9569572,-81.760507
606 Orchard Dr Ravenswood WV 26164,38.9554949,-81.765003
428 Harpold Ave Ravenswood WV 26164,38.9569572,-81.760507
616 Orchard Dr Ravenswood WV 26164,38.9561469,-81.7656388
208 Walnut St Ravenswood WV 26164,38.9479845,-81.7607566
101 Mulberry St Ravenswood WV 26164,38.9488001,-81.7624834
664 Utah Rd Ravenswood WV 26164,38.9521338,-81.7413696
108 Henry St Ravenswood WV 26164,38.9625145,-81.7671602
664 Utah Rd Ravenswood WV 26164,38.9521338,-81.7413696
616 Orchard Dr Ravenswood WV 26164,38.9561469,-81.7656388
230 Washington St Ravenswood WV 26164,38.9485281,-81.7615714
205 Ann St Ravenswood WV 26164,38.9491327,-81.7588898
501 Flinn Ave Ravenswood WV 26164,38.9559685,-81.7624364
240 Washington St Ravenswood WV 26164,38.9487746,-81.7616784
240 Washington St Ravenswood WV 26164,38.9487746,-81.7616784
101 Mulberry St Ravenswood WV 26164,38.9488001,-81.7624834
501 Flinn Ave Ravenswood WV 26164,38.9559685,-81.7624364
300 Sand St Ravenswood WV 26164,38.9472251,-81.7595361
300 Sand St Ravenswood WV 26164,38.9472251,-81.7595361
607 Orchard Dr Ravenswood WV 26164,38.9561279,-81.7650066
215 Race St Ravenswood WV 26164,38.9482662,-81.7620003
331 Virginia St Ravenswood WV 26164,38.9508905,-81.7609467
205 Ann St Ravenswood WV 26164,38.9491327,-81.7588898
713 Orchard Dr Ravenswood WV 26164,38.9579598,-81.7667517
713 Orchard Dr Ravenswood WV 26164,38.9579598,-81.7667517
18 Deerborn Dr Ravenswood WV 26164,38.952204,-81.7441122
18 Deerborn Dr Ravenswood WV 26164,38.952204,-81.7441122
607 Orchard Dr Ravenswood WV 26164,38.9561279,-81.7650066
702 Orchard Dr Ravenswood WV 26164,38.9569368,-81.7664179
208 Broadway St Ravenswood WV 26164,38.9477349,-81.762968
115 Water St Ravenswood WV 26164,38.9468483,-81.7631949
33 Utah Ln Ravenswood WV 26164,38.9525042,-81.7423675
78 Utah Ln Ravenswood WV 26164,38.9529992,-81.7423899
36 Utah Ln Ravenswood WV 26164,38.952617,-81.7421027
405 Walnut St Ravenswood WV 26164,38.94894,-81.7585021
115 Water St Ravenswood WV 26164,38.9468483,-81.7631949
710 Orchard Dr Ravenswood WV 26164,38.9574507,-81.7669453
202 Henrietta St Ravenswood WV 26164,38.9491717,-81.7580925
202 Henrietta St Ravenswood WV 26164,38.9491717,-81.7580925
109 Henrietta St Ravenswood WV 26164,38.9623497,-81.7678987
254 Washington St Ravenswood WV 26164,38.9490995,-81.7619564
254 Washington St Ravenswood WV 26164,38.9490995,-81.7619564
80 Utah Ln Ravenswood WV 26164,38.9530739,-81.7423974
302 Elwood St Ravenswood WV 26164,38.9581331,-81.7676118
132 Utah Ln Ravenswood WV 26164,38.9538271,-81.7424438
170 Utah Ln Ravenswood WV 26164,38.9543387,-81.7426709
153 Utah Ln Ravenswood WV 26164,38.9541037,-81.7429671
15 Sycamore Trailer Park Ravenswood WV 26164,38.9532574,-81.7434353
15 Sycamore Trailer Park Ravenswood WV 26164,38.9532574,-81.7434353
151 Wedgewood Rd Ravenswood WV 26164,38.9523468,-81.7477404
110 Henrietta St Ravenswood WV 26164,38.9623413,-81.7683484
220 Broadway St Ravenswood WV 26164,38.9480266,-81.7634386
138 Washington St Ravenswood WV 26164,38.9479806,-81.7612916
505 Flinn Ave Ravenswood WV 26164,38.9560585,-81.7622323
505 Flinn Ave Ravenswood WV 26164,38.9560585,-81.7622323
605 Orchard Dr Ravenswood WV 26164,38.9560014,-81.764872
605 Orchard Dr Ravenswood WV 26164,38.9560014,-81.764872
213 Walnut St Ravenswood WV 26164,38.9482591,-81.7608386
151 Wedgewood Rd Ravenswood WV 26164,38.9523468,-81.7477404
622 Orchard Dr Ravenswood WV 26164,38.9565341,-81.7660352
25 Stable Ln Ravenswood WV 26164,38.9519327,-81.7450092
359 Utah Rd Ravenswood WV 26164,38.9518977,-81.7468289
359 Utah Rd Ravenswood WV 26164,38.9518977,-81.7468289
631 Flinn Ave Ravenswood WV 26164,38.9566544,-81.760193
631 Flinn Ave Ravenswood WV 26164,38.9566544,-81.760193
1512 Road Fork Run Rd Ravenswood WV 26164,39.005468,-81.7358776
402 Sand St Ravenswood WV 26164,38.9476329,-81.758107
505 Sand St Ravenswood WV 26164,38.948174,-81.7570121
505 Sand St Ravenswood WV 26164,38.948174,-81.7570121
2181 Meathouse Fork Rd Ravenswood WV 26164,39.0120726,-81.6872698
205 Virginia St Ravenswood WV 26164,38.9488687,-81.7599703
289 Ohio River Hill Rd Ravenswood WV 26164,39.0737352,-81.7811815
205 Virginia St Ravenswood WV 26164,38.9488687,-81.7599703
16 Briarwood Dr Ravenswood WV 26164,38.9517181,-81.7455267
330 Utah Rd Ravenswood WV 26164,38.9516235,-81.747432
330 Utah Rd Ravenswood WV 26164,38.9516235,-81.747432
415 Harpold Ave Ravenswood WV 26164,38.9569482,-81.7622988
415 Harpold Ave Ravenswood WV 26164,38.9569482,-81.7622988
205 Race St Ravenswood WV 26164,38.9480652,-81.7618552
205 Race St Ravenswood WV 26164,38.9480652,-81.7618552
695 Utah Rd Ravenswood WV 26164,38.9525387,-81.7408954
695 Utah Rd Ravenswood WV 26164,38.9525387,-81.7408954
400 Mulberry St Ravenswood WV 26164,38.9494045,-81.7590413
421 Harpold Ave Ravenswood WV 26164,38.957075,-81.7616617
602 Ashton St Ravenswood WV 26164,38.9471307,-81.7558095
19 Stable Ln Ravenswood WV 26164,38.9518813,-81.7446246
19 Stable Ln Ravenswood WV 26164,38.9518813,-81.7446246
511 Sand St Ravenswood WV 26164,38.9482665,-81.7567615
421 Harpold Ave Ravenswood WV 26164,38.957075,-81.7616617
621 Flinn Ave Ravenswood WV 26164,38.9563594,-81.7611994
621 Flinn Ave Ravenswood WV 26164,38.9563594,-81.7611994
232 Sycamore St Ravenswood WV 26164,38.9494778,-81.7610287
232 Sycamore St Ravenswood WV 26164,38.9494778,-81.7610287
517 Harpold Ave Ravenswood WV 26164,38.9569715,-81.7620714
240 Virginia St Ravenswood WV 26164,38.9492563,-81.7607924
102 Henrietta St Ravenswood WV 26164,38.948214,-81.7577241
514 Long Ave Ravenswood WV 26164,38.9572162,-81.7626364
316 Mulberry St Ravenswood WV 26164,38.9492966,-81.7594052
2563 Murraysville Rd Ravenswood WV 26164,39.0788673,-81.8065887
115 Broadway St Ravenswood WV 26164,38.9470754,-81.7623236
115 Broadway St Ravenswood WV 26164,38.9470754,-81.7623236
517 Harpold Ave Ravenswood WV 26164,38.9569715,-81.7620714
232 Washington St Ravenswood WV 26164,38.9487958,-81.7612919
316 Mulberry St Ravenswood WV 26164,38.9492966,-81.7594052
232 Washington St Ravenswood WV 26164,38.9487958,-81.7612919
1169 Murraysville Rd Ravenswood WV 26164,39.0593757,-81.8032851
105 Ann St Ravenswood WV 26164,38.9619246,-81.7689738
110 Henry St Ravenswood WV 26164,38.9626869,-81.7672171
508 Washington St Ravenswood WV 26164,38.9527845,-81.7648863
508 Washington St Ravenswood WV 26164,38.9527845,-81.7648863
331 Virginia St Ravenswood WV 26164,38.9508905,-81.7609467
508 Sand St Ravenswood WV 26164,38.9479023,-81.7566428
511 Harpold Ave Ravenswood WV 26164,38.9568139,-81.7626981
105 Ann St Ravenswood WV 26164,38.9619246,-81.7689738
2867 Meathouse Fork Rd Ravenswood WV 26164,39.0127711,-81.6739271
511 Harpold Ave Ravenswood WV 26164,38.9568139,-81.7626981
588 Utah Rd Ravenswood WV 26164,38.9518511,-81.7426726
206 Henrietta St Ravenswood WV 26164,38.9494482,-81.7581682
208 Broadway St Ravenswood WV 26164,38.9477349,-81.762968
110 Henry St Ravenswood WV 26164,38.9626869,-81.7672171
214 Race St Ravenswood WV 26164,38.9482451,-81.7625465
200 Washington St Ravenswood WV 26164,38.948106,-81.7613053
214 Race St Ravenswood WV 26164,38.9482451,-81.7625465
33 Utah Ln Ravenswood WV 26164,38.9525042,-81.7423675
78 Utah Ln Ravenswood WV 26164,38.9529992,-81.7423899
36 Utah Ln Ravenswood WV 26164,38.952617,-81.7421027
209 Water St Ravenswood WV 26164,38.9472817,-81.7636668
237 Race St Ravenswood WV 26164,38.9485764,-81.7623162
206 Henrietta St Ravenswood WV 26164,38.9494482,-81.7581682
620 Long Ave Ravenswood WV 26164,38.9573565,-81.7620044
209 Water St Ravenswood WV 26164,38.9472817,-81.7636668
620 Long Ave Ravenswood WV 26164,38.9573565,-81.7620044
588 Utah Rd Ravenswood WV 26164,38.9518511,-81.7426726
80 Utah Ln Ravenswood WV 26164,38.9530739,-81.7423974
237 Race St Ravenswood WV 26164,38.9485764,-81.7623162
216 Walnut St Ravenswood WV 26164,38.9481106,-81.76055
216 Walnut St Ravenswood WV 26164,38.9481106,-81.76055
150 Black Berry Ln Ravenswood WV 26164,39.0353239,-81.7671574
828 Meathouse Fork Rd Ravenswood WV 26164,38.9943055,-81.7020928
601 Orchard Dr Ravenswood WV 26164,38.955665,-81.7645431
300 Sycamore St Ravenswood WV 26164,38.9496338,-81.7605218
616 Utah Rd Ravenswood WV 26164,38.9519853,-81.742208
710 Utah Rd Ravenswood WV 26164,38.952305,-81.7405343
234 Washington St Ravenswood WV 26164,38.9485807,-81.7615753
508 Harpold Ave Ravenswood WV 26164,38.9563902,-81.7625811
507 Sycamore St Ravenswood WV 26164,38.9508901,-81.75767
513 Washington St Ravenswood WV 26164,38.9538205,-81.7649059
513 Washington St Ravenswood WV 26164,38.9538205,-81.7649059
624 Long Ave Ravenswood WV 26164,38.9574774,-81.7615781
513 Harpold Ave Ravenswood WV 26164,38.9568926,-81.762506
104 Henry St Ravenswood WV 26164,38.9485691,-81.7565216
601 Orchard Dr Ravenswood WV 26164,38.955665,-81.7645431
228 Washington St Ravenswood WV 26164,38.9484999,-81.7616147
665 Utah Rd Ravenswood WV 26164,38.9524645,-81.7414685
600 Ashton St Ravenswood WV 26164,38.9472717,-81.7564677
710 Utah Rd Ravenswood WV 26164,38.952305,-81.7405343
1 Hillcrest Dr Ravenswood WV 26164,38.9581512,-81.754893
611 Orchard Dr Ravenswood WV 26164,38.9564114,-81.7652762
507 Sycamore St Ravenswood WV 26164,38.9508901,-81.75767
620 Orchard Dr Ravenswood WV 26164,38.9564134,-81.7658983
620 Orchard Dr Ravenswood WV 26164,38.9564134,-81.7658983
626 Long Ave Ravenswood WV 26164,38.9575348,-81.7613831
333 Virginia St Ravenswood WV 26164,38.9511953,-81.7611088
513 Harpold Ave Ravenswood WV 26164,38.9568926,-81.762506
665 Utah Rd Ravenswood WV 26164,38.9524645,-81.7414685
620 Kaiser Ave Ravenswood WV 26164,38.9574595,-81.7604999
620 Kaiser Ave Ravenswood WV 26164,38.9574595,-81.7604999
431 Harpold Ave Ravenswood WV 26164,38.9573834,-81.7606503
132 Utah Ln Ravenswood WV 26164,38.9538271,-81.7424438
170 Utah Ln Ravenswood WV 26164,38.9543387,-81.7426709
153 Utah Ln Ravenswood WV 26164,38.9541037,-81.7429671
288 Utah Rd Ravenswood WV 26164,38.9517798,-81.7482362
510 Harpold Ave Ravenswood WV 26164,38.9564555,-81.7623767
288 Utah Rd Ravenswood WV 26164,38.9517798,-81.7482362
510 Harpold Ave Ravenswood WV 26164,38.9564555,-81.7623767
220 Broadway St Ravenswood WV 26164,38.9480266,-81.7634386
138 Washington St Ravenswood WV 26164,38.9479806,-81.7612916
29 Briarwood Dr Ravenswood WV 26164,38.9520135,-81.7458281
29 Briarwood Dr Ravenswood WV 26164,38.9520135,-81.7458281
241 Washington St Ravenswood WV 26164,38.9488622,-81.7613968
41 Utah Ln Ravenswood WV 26164,38.9527084,-81.7424939
41 Utah Ln Ravenswood WV 26164,38.9527084,-81.7424939
241 Washington St Ravenswood WV 26164,38.9488622,-81.7613968
315 Hillcrest Dr Ravenswood WV 26164,38.953915,-81.7524227
315 Hillcrest Dr Ravenswood WV 26164,38.953915,-81.7524227
208 Washington St Ravenswood WV 26164,38.9482611,-81.7613969
208 Washington St Ravenswood WV 26164,38.9482611,-81.7613969
15 Sand St Ravenswood WV 26164,38.9480844,-81.7575543
15 Sand St Ravenswood WV 26164,38.9480844,-81.7575543
149 Wedgewood Rd Ravenswood WV 26164,38.9525911,-81.7471748
601 Sand St Ravenswood WV 26164,38.9484083,-81.7559923
715 Orchard Dr Ravenswood WV 26164,38.9580763,-81.7669448
715 Orchard Dr Ravenswood WV 26164,38.9580763,-81.7669448
510 Long Ave Ravenswood WV 26164,38.9571173,-81.7630877
16 Sycamore Trailer Park Ravenswood WV 26164,38.9536264,-81.7434608
16 Sycamore Trailer Park Ravenswood WV 26164,38.9536264,-81.7434608
222 Sand St Ravenswood WV 26164,38.9472006,-81.7600551
222 Sand St Ravenswood WV 26164,38.9472006,-81.7600551
516 Harpold Ave Ravenswood WV 26164,38.9566084,-81.7617422
516 Harpold Ave Ravenswood WV 26164,38.9566084,-81.7617422
126 Virginia St Ravenswood WV 26164,38.947861,-81.7601373
126 Virginia St Ravenswood WV 26164,38.947861,-81.7601373
409 Sycamore St Ravenswood WV 26164,38.9506391,-81.7586958
409 Sycamore St Ravenswood WV 26164,38.9506391,-81.7586958
515 Washington St Ravenswood WV 26164,38.9542162,-81.7653078
515 Washington St Ravenswood WV 26164,38.9542162,-81.7653078
108 Henrietta St Ravenswood WV 26164,38.9484778,-81.7577764
210 Henry St Ravenswood WV 26164,38.9501391,-81.7572474
141 Wedgewood Rd Ravenswood WV 26164,38.952852,-81.7474319
508 Long Ave Ravenswood WV 26164,38.957088,-81.7633028
618 Long Ave Ravenswood WV 26164,38.957316,-81.7622389
618 Long Ave Ravenswood WV 26164,38.957316,-81.7622389
42 Utah Ln Ravenswood WV 26164,38.9527701,-81.7420831
42 Utah Ln Ravenswood WV 26164,38.9527701,-81.7420831
708 Orchard Dr Ravenswood WV 26164,38.9573293,-81.7668036
708 Orchard Dr Ravenswood WV 26164,38.9573293,-81.7668036
231 Little Utah Rd Ravenswood WV 26164,38.9496978,-81.7406854
231 Little Utah Rd Ravenswood WV 26164,38.9496978,-81.7406854
630 Long Ave Ravenswood WV 26164,38.9576786,-81.7609692
425 Harpold Ave Ravenswood WV 26164,38.9571784,-81.7612666
307 Walnut St Ravenswood WV 26164,38.948634,-81.7595476
412 Harpold Ave Ravenswood WV 26164,38.9565321,-81.7621723
711 Orchard Dr Ravenswood WV 26164,38.9578128,-81.7666958
255 Washington St Ravenswood WV 26164,38.9493339,-81.761445
200 Sand St Ravenswood WV 26164,38.9471397,-81.7603966
112 Henry St Ravenswood WV 26164,38.949038,-81.7566811
619 Flinn Ave Ravenswood WV 26164,38.9562943,-81.761399
209 Virginia St Ravenswood WV 26164,38.9490603,-81.7601156
506 Sand St Ravenswood WV 26164,38.9478951,-81.7568067
302 Sycamore St Ravenswood WV 26164,38.9497389,-81.760335
714 Orchard Dr Ravenswood WV 26164,38.957713,-81.7672218
202 Henry St Ravenswood WV 26164,38.9494858,-81.7570009
204 Race St Ravenswood WV 26164,38.947898,-81.7623303
107 Henrietta St Ravenswood WV 26164,38.9622188,-81.7677918
401 Utah Rd Ravenswood WV 26164,38.951789,-81.7460624
106 Ann St Ravenswood WV 26164,38.9620596,-81.7695285
606 Orchard Dr Ravenswood WV 26164,38.9554949,-81.765003
602 Ashton St Ravenswood WV 26164,38.9471307,-81.7558095
508 Harpold Ave Ravenswood WV 26164,38.9563902,-81.7625811
624 Long Ave Ravenswood WV 26164,38.9574774,-81.7615781
626 Long Ave Ravenswood WV 26164,38.9575348,-81.7613831
333 Virginia St Ravenswood WV 26164,38.9511953,-81.7611088
108 Henrietta St Ravenswood WV 26164,38.9484778,-81.7577764
141 Wedgewood Rd Ravenswood WV 26164,38.952852,-81.7474319
508 Long Ave Ravenswood WV 26164,38.957088,-81.7633028
5 Henry St Ravenswood WV 26164,38.9496444,-81.7564428
208 Henrietta St Ravenswood WV 26164,38.9495714,-81.7582706
505 Mulberry St Ravenswood WV 26164,38.9500442,-81.7577102
622 Long Ave Ravenswood WV 26164,38.9574216,-81.7618047
707 Orchard Dr Ravenswood WV 26164,38.9575647,-81.766384
302 Henry St Ravenswood WV 26164,38.9515906,-81.7578878
504 Mulberry St Ravenswood WV 26164,38.9497686,-81.7575294
235 Utah Rd Ravenswood WV 26164,38.9523783,-81.7485525
